sha256,agency_id,agency_name,document_title,date,num_violations,violations_list,query,response,violation,input_tokens,output_tokens,cost,duration_ms
0005aef67191b6a71053e81c44c2f70a7d60ce7b92d2ca666672f197d66e30dc,CB520304693,Upper Peninsula Family Solutions,Special Investigation Report #2020C0102008,"March 2, 2020",1,R 400.12404,"Please analyze this Special Investigation Report and respond with a JSON object containing exactly two fields:

1. ""summary"": A few sentences explaining what went down here, including one extra sentence weighing in on culpability.
2. ""violation"": Either ""y"" if allegations of policy/code violations were substantiated in this report, or ""n"" if they were not substantiated.

Return ONLY the JSON object, no other text. Format:
{""summary"": ""..."", ""violation"": ""y""}","Upper Peninsula Family Solutions, a child placing agency, was investigated for failing to timely assess a relative for placement. While that specific allegation was not substantiated, the investigation revealed two separate violations: a case contact from December 10, 2019, was not entered into the state system until February 17, 2020, and a required Relative Placement Safety Screen was not completed within five business days of the relative's expression of interest in August 2018. The agency bears clear culpability for these administrative failures, which represent lapses in required documentation and procedural timelines.",y,3680,127,,12493
0024a225c1d3dde399bd189e0cc2392aad5b47ba9720b1f2fd40204223f74bb1,CI460403164,LHS Family and Youth Services,Special Investigation Report #2022C0446027,"June 29, 2022",1,R 400.4126,"Please analyze this Special Investigation Report and respond with a JSON object containing exactly two fields:

1. ""summary"": A few sentences explaining what went down here, including one extra sentence weighing in on culpability.
2. ""violation"": Either ""y"" if allegations of policy/code violations were substantiated in this report, or ""n"" if they were not substantiated.

Return ONLY the JSON object, no other text. Format:
{""summary"": ""..."", ""violation"": ""y""}","A physical fight between two youths (Youth A and Youth B) occurred at the Adrian Group Home on May 10, 2022, resulting in one youth sustaining bruises and a bloody nose. The investigation found the facility had insufficient staff on duty, with only two instead of the usual three, which prevented them from effectively separating the youths or using safe restraint interventions, leading to a prolonged altercation. The report places clear culpability on the facility for failing to maintain adequate staffing levels to ensure resident safety and supervision.",y,3329,114,,15883
0039c6bf571d7de8482f8bfbf6751219309429b5dbeb5c59da575951444dd35f,CI820272493,VISTA MARIA - MENTAL HEALTH,Special Investigation Report #2025SIC0000600,"Special Investigation Intake Date: April 24, 2025",1,Rule 400.4158,"Please analyze this Special Investigation Report and respond with a JSON object containing exactly two fields:

1. ""summary"": A few sentences explaining what went down here, including one extra sentence weighing in on culpability.
2. ""violation"": Either ""y"" if allegations of policy/code violations were substantiated in this report, or ""n"" if they were not substantiated.

Return ONLY the JSON object, no other text. Format:
{""summary"": ""..."", ""violation"": ""y""}","A special investigation was conducted after allegations that a staff member (Staff 2) choked a youth (Youth A) during an incident where the youth was attempting to escape a wing and assault a supervisor. Interviews with staff, the youth, and a witness provided conflicting accounts, but video footage reviewed did not show Staff 2 choking the youth. The investigation concluded there was insufficient evidence to substantiate the allegation, and no violations of licensing rules were found. Based on the report's findings, culpability for the alleged choking was not established.",n,2379,127,,11385
00574906d0905de4fe6761e6bf4eb7a5fe250e57900e96425010cbc911f29418,CI410201278,MAPLE LODGE GROUP HOME,Special Investigation Report #2025SIC0000087,"Special Investigation Intake Date: November 6, 2024",1,Rule 400.4126,"Please analyze this Special Investigation Report and respond with a JSON object containing exactly two fields:

1. ""summary"": A few sentences explaining what went down here, including one extra sentence weighing in on culpability.
2. ""violation"": Either ""y"" if allegations of policy/code violations were substantiated in this report, or ""n"" if they were not substantiated.

Return ONLY the JSON object, no other text. Format:
{""summary"": ""..."", ""violation"": ""y""}","A special investigation was conducted following an allegation that a male resident (Youth B) forced a female resident (Youth A) to engage in sexual touching in a common area while under staff supervision. Two staff members were present and actively supervising but were distracted by paperwork and concerns about a vape, failing to prevent or immediately notice the incident. The investigation concluded that staff were supervising as required and no substantial licensing violations were established; however, the report's analysis implicitly indicates staff failed to provide adequate protective oversight due to divided attention.",n,5525,115,,9898
0061f513cd124d0e1510e79416aabe4b5c128b4dc99d10b7a38ee25fa4e1de37,CB280200990,Holy Cross Services - Northern Michigan CB,Special Investigation Report #2025SIC0000269,"Special Investigation Intake Date: January 6, 2025",1,Rule 400.12505,"Please analyze this Special Investigation Report and respond with a JSON object containing exactly two fields:

1. ""summary"": A few sentences explaining what went down here, including one extra sentence weighing in on culpability.
2. ""violation"": Either ""y"" if allegations of policy/code violations were substantiated in this report, or ""n"" if they were not substantiated.

Return ONLY the JSON object, no other text. Format:
{""summary"": ""..."", ""violation"": ""y""}","A complaint alleged that Youth A could not receive her Independent Living stipend check or contact anyone at the agency. The investigation found the youth had the worker's contact info and received the check promptly after texting, though the agency office was sometimes unstaffed. The delay was due to holidays and a check mailing issue. While the agency was found in compliance, the temporary lapse in office coverage and communication during a worker transition contributed to the youth's perceived difficulty. Ultimately, administrative process issues within the agency, rather than individual staff culpability, created the situation.",n,1470,122,,6131
00a734fd316d634b72f233c11ba20eddc6b8e352963006f87a2a299b36cddadc,CI520345626,Great Lakes Recovery Centers,Special Investigation Report #2021C0116040,"August 17, 2021",1,R 400.4109,"Please analyze this Special Investigation Report and respond with a JSON object containing exactly two fields:

1. ""summary"": A few sentences explaining what went down here, including one extra sentence weighing in on culpability.
2. ""violation"": Either ""y"" if allegations of policy/code violations were substantiated in this report, or ""n"" if they were not substantiated.

Return ONLY the JSON object, no other text. Format:
{""summary"": ""..."", ""violation"": ""y""}","A youth (Youth A) gave another youth (Youth C) a hickey on his neck while both were on a residential unit at the Great Lakes Recovery Center for Youth. The investigation found that a staff member (Staff 1) left the youth unsupervised, violating the facility's line-of-sight supervision policy and allowing the prohibited interaction to occur in Youth C's bedroom. The facility's administration is culpable for the staff's failure to follow supervision policies, leading to a substantiated violation.",y,2513,111,,4110
00bc1df0d8ed15b758ea4fb9f0675f52d2c0d97d88a9beb69e15f52e32070cc9,CI370377212,New Hope Youth Center,Special Investigation Report #2025SIC0000557,"Special Investigation Intake Date: April 14, 2025",2,Rule 400.4126 Sufficiency of Staff.; Rule 400.4109 Program Statement.,"Please analyze this Special Investigation Report and respond with a JSON object containing exactly two fields:

1. ""summary"": A few sentences explaining what went down here, including one extra sentence weighing in on culpability.
2. ""violation"": Either ""y"" if allegations of policy/code violations were substantiated in this report, or ""n"" if they were not substantiated.

Return ONLY the JSON object, no other text. Format:
{""summary"": ""..."", ""violation"": ""y""}","A youth was injured when another youth threw a plastic container at her face upon returning from an off-grounds trip. The investigation found that while there were enough staff present overall, the facility failed to follow its own 'line of sight' supervision policy, allowing Youth B to move unsupervised from an upstairs area to the front door to commit the assault. The report finds the facility culpable, as this was a repeat violation for failing to maintain proper supervision per its policies.",y,6498,104,,6439
00c2b2403fdd7001e91fe327fc3c376f93e6e89efc7314ec7a03050ef124c452,CB410245705,Catholic Charities West Michigan,Special Investigation Report #2020C0103040,"October 1, 2020",4,"R 400.12413; R 400.12206; R 400.12420; R
400.12418(2)","Please analyze this Special Investigation Report and respond with a JSON object containing exactly two fields:

1. ""summary"": A few sentences explaining what went down here, including one extra sentence weighing in on culpability.
2. ""violation"": Either ""y"" if allegations of policy/code violations were substantiated in this report, or ""n"" if they were not substantiated.

Return ONLY the JSON object, no other text. Format:
{""summary"": ""..."", ""violation"": ""y""}","The investigation found that Catholic Charities West Michigan, a child placing agency, failed to adequately monitor and document the health and case plan of a youth in its care, resulting in the youth developing significant medical issues like weight loss and pressure sores without proper follow-up. The agency's foster care worker admitted to not being aware of the youth's medical appointments and wounds, and case file reviews revealed multiple documentation failures, including outdated medical passports, missing signatures on treatment plans, and untimely entry of contacts. Culpability lies with the agency for systemic failures in supervision and oversight, as several violations were repeats indicating previous corrective actions were ineffective.",y,5461,138,,5455
00fbc257a3b08b5d8d4935c3568565c8ec91f6fbb8379c689b4cc9d35190f5ff,CI731001543,Queen of Angels,Special Investigation Report #2024SIC0001705,"Special Investigation Intake Date: August 21, 2024",5,Rule 400.4159; Rule 400.4158; Rule 400.4159; Rule 400.4159; Rule 400.4112 (4) (a): A person with ongoing duties shall,"Please analyze this Special Investigation Report and respond with a JSON object containing exactly two fields:

1. ""summary"": A few sentences explaining what went down here, including one extra sentence weighing in on culpability.
2. ""violation"": Either ""y"" if allegations of policy/code violations were substantiated in this report, or ""n"" if they were not substantiated.

Return ONLY the JSON object, no other text. Format:
{""summary"": ""..."", ""violation"": ""y""}","An investigation found that staff at Queen of Angels, a child caring institution, engaged in unsafe and prohibited physical interventions against a 12-year-old resident, including multiple pushes and an improper physical restraint, without following required de-escalation protocols or documentation procedures. The facility was found in violation of multiple rules, including a repeat violation for prohibited interventions like pushing. Primary culpability lies with the directly involved staff, particularly Staff 3, who initiated the forceful interventions and attempted to conceal the incident.",y,4806,110,,6717
00fdfbed71077510235122b3db80661578d75041081defaf73a65d8ca8f656b0,CP390201215,Michigan Department of Health and Human,Special Investigation Report #2022C0212013,"July 8, 2022",1,R 400.12206,"Please analyze this Special Investigation Report and respond with a JSON object containing exactly two fields:

1. ""summary"": A few sentences explaining what went down here, including one extra sentence weighing in on culpability.
2. ""violation"": Either ""y"" if allegations of policy/code violations were substantiated in this report, or ""n"" if they were not substantiated.

Return ONLY the JSON object, no other text. Format:
{""summary"": ""..."", ""violation"": ""y""}","An investigation substantiated that a staff member (Staff 1), a Michigan Youth Opportunities Initiative case worker at the Kalamazoo County DHHS, sent nude photographs of herself to a foster youth (Youth A) with a cognitive impairment. While an allegation about a hotel stay could not be confirmed, the sending of the explicit photos was verified through photo evidence and social media review. The staff member was placed on leave and subsequently terminated, and the facility is required to submit a corrective action plan. The primary culpability lies with the individual staff member for her grossly inappropriate and unethical conduct.",y,4317,129,,5886
010141b4052ab705742cd80a0fd3d7aff7e1e0d215001b2145092281fcdc4a98,CB410201266,SAMARITAS - WEST,Special Investigation Report #2024SIC0001271,"Special Investigation Intake Date: March 25, 2024",1,Rule 400.12503,"Please analyze this Special Investigation Report and respond with a JSON object containing exactly two fields:

1. ""summary"": A few sentences explaining what went down here, including one extra sentence weighing in on culpability.
2. ""violation"": Either ""y"" if allegations of policy/code violations were substantiated in this report, or ""n"" if they were not substantiated.

Return ONLY the JSON object, no other text. Format:
{""summary"": ""..."", ""violation"": ""y""}","An investigation was conducted into allegations that a youth's financial stipend check was wrongfully withheld by staff at an independent living placement, reportedly leaving him without money for food. The investigation found that the youth had violated program rules by testing positive for marijuana, possessing a marijuana vape, and refusing to participate in required life skills training; the agency had a policy allowing checks to be withheld for non-compliance and offered the youth alternative food resources. The investigating agency concluded no violation was established, effectively placing culpability on the youth for his own non-compliance rather than on the facility.",n,2649,126,,2000
0146c2410abd176761771d7c3b766531afc6110f17a34693aebebb1e30438d0b,CB630201423,Catholic Charities of Southeast Michigan,Special Investigation Report #2022C0420021,"July 8, 2022",1,R 400.12713,"Please analyze this Special Investigation Report and respond with a JSON object containing exactly two fields:

1. ""summary"": A few sentences explaining what went down here, including one extra sentence weighing in on culpability.
2. ""violation"": Either ""y"" if allegations of policy/code violations were substantiated in this report, or ""n"" if they were not substantiated.

Return ONLY the JSON object, no other text. Format:
{""summary"": ""..."", ""violation"": ""y""}","Catholic Charities of Southeast Michigan failed to submit finalized adoption records to the state within the required one-year timeframe, specifically citing two records from October 2020 that were over 18 months late and acknowledging a backlog of hundreds of other overdue records dating back to 2015. The violation was substantiated, and the agency was required to submit a corrective action plan. The agency bears clear responsibility for the systemic failure to comply with record retention rules, despite citing logistical uncertainties.",y,2911,107,,3330
0166fa6dc3f1f6f4c99f0e97227cccb1ac6e2dd0b116ea75faa65acf0851d6f7,CI790296492,VASSAR HOUSE,Special Investigation Report #2025SIC0000288,"Special Investigation Intake Date: January 14, 2025",2,Rule 400.4125; Rule 400.4142,"Please analyze this Special Investigation Report and respond with a JSON object containing exactly two fields:

1. ""summary"": A few sentences explaining what went down here, including one extra sentence weighing in on culpability.
2. ""violation"": Either ""y"" if allegations of policy/code violations were substantiated in this report, or ""n"" if they were not substantiated.

Return ONLY the JSON object, no other text. Format:
{""summary"": ""..."", ""violation"": ""y""}","A special investigation was conducted into allegations of insufficient clothing and denial of medical care at Vassar House. The investigation found no substantial violations: clothing was available and properly fitting, though documentation delays created an appearance of neglect, and the youth with a finger injury was seen by a nurse and an urgent care, albeit after not following the facility's formal request procedure. The facility's procedures were adequate, but their documentation and policy specificity needed technical assistance, with no individual culpability assigned as the agency was found to be in overall compliance.",n,2910,116,,5787
0173b638c939a8483e9bafaa788ca2389923ff83d8df13b138773a70bd473429,CI820293953,LINCOLN CENTER,Special Investigation Report,"August 8, 2023",3,"Rule 400.4109 Program Statement; Rule 400.4112 Criminal history check, subject to; R
400.4113(i)","Please analyze this Special Investigation Report and respond with a JSON object containing exactly two fields:

1. ""summary"": A few sentences explaining what went down here, including one extra sentence weighing in on culpability.
2. ""violation"": Either ""y"" if allegations of policy/code violations were substantiated in this report, or ""n"" if they were not substantiated.

Return ONLY the JSON object, no other text. Format:
{""summary"": ""..."", ""violation"": ""y""}","A staff member at the Lincoln Center juvenile facility gave a youth a book containing a marijuana edible, which the youth and another youth consumed, leading to adverse reactions and hospital transport. Other staff were aware of the exchange but failed to report it, violating professional boundary and reporting policies. The facility was found in violation of rules regarding program statement adherence and staff qualifications due to this misconduct and the staff's failure to perform their duties. The culpability lies primarily with Staff 4 for providing the contraband and with Staff 2 and 3 for failing to intervene or report.",y,2823,126,,2167
017b705145b5b31eadc02273ca4b60479526af4f1bc64c85baee3533a75cc786,CE821001676,Wayne County Juvenile Detention Facility,Special Investigation Report #2025SIC0000963,Special Investigation Intake Date: 08/22/2025,1,Rule 400.4126,"Please analyze this Special Investigation Report and respond with a JSON object containing exactly two fields:

1. ""summary"": A few sentences explaining what went down here, including one extra sentence weighing in on culpability.
2. ""violation"": Either ""y"" if allegations of policy/code violations were substantiated in this report, or ""n"" if they were not substantiated.

Return ONLY the JSON object, no other text. Format:
{""summary"": ""..."", ""violation"": ""y""}","The report details an investigation into allegations of staff misconduct and failure to intervene during multiple fights involving youths at the Wayne County Juvenile Detention Facility. The investigation, which included interviews and video review, concluded that staff responded appropriately and immediately to break up the altercations, and found no evidence to support claims that staff laughed, encouraged fighting, or threatened restraint. Given the contradictory witness statements and lack of corroborating evidence, the facility was found in compliance with all rules, and the specific allegations against the implicated staff were not substantiated.",n,4671,118,,4466
0193d029cf683f3132f497aa44e919c11c5abac873aac71fc0dc758328531f5d,CI330201171,"Highfields, Inc.",Special Investigation Report #2021C0103033,"October 12, 2021",0,nan,"Please analyze this Special Investigation Report and respond with a JSON object containing exactly two fields:

1. ""summary"": A few sentences explaining what went down here, including one extra sentence weighing in on culpability.
2. ""violation"": Either ""y"" if allegations of policy/code violations were substantiated in this report, or ""n"" if they were not substantiated.

Return ONLY the JSON object, no other text. Format:
{""summary"": ""..."", ""violation"": ""y""}","A youth at Highfields became agitated and punched a computer monitor after a discussion about a disciplinary report. Staff intervened, leading to a physical altercation where they slipped on water, fell, and ended up restraining the youth in a prone position with a staff member lying on top of him. The investigation found the initial allegation of restraint for property destruction was not substantiated, but staff violated policy by using an unsafe prone restraint and escalating the situation. The facility is culpable for repeated failure to follow safe restraint procedures.",y,3723,122,,2286
01a86562abb2868595f3967f48edecf9cf67396862c7bdc0c2259a4e39367cb4,CI820201513,WOLVERINE CENTER,Special Investigation Report #2024C0001082SI,"March 12, 2024",9,"Rule 400.4431 Heating equipment.; Rule 400.4407 Facility and premises maintenance.; Rule 400.4158 Intervention standards and prohibitions.; Rule 400.4158 Intervention standards and prohibitions.; Rule 400.4142 Health services; policies and procedures.; Rule 400.4127 Staff to resident ratio; Rule 400.4112 Criminal history, subject to requirements; staff; Rule 400.4125 Personal possessions; money; clothing;; Rule 400.4109 Program statement","Please analyze this Special Investigation Report and respond with a JSON object containing exactly two fields:

1. ""summary"": A few sentences explaining what went down here, including one extra sentence weighing in on culpability.
2. ""violation"": Either ""y"" if allegations of policy/code violations were substantiated in this report, or ""n"" if they were not substantiated.

Return ONLY the JSON object, no other text. Format:
{""summary"": ""..."", ""violation"": ""y""}","The investigation into Wolverine Center substantiated three serious violations: a staff member used a prohibited martial arts chokehold on a youth during a physical altercation, the facility operated with an insufficient staff-to-resident ratio for a period, and staff repeatedly failed to follow internal policy by not writing required incident reports. Other allegations, including lack of heat, unsanitary conditions, verbal abuse, and inadequate medical care, were not substantiated. The report places clear culpability on the facility for the established violations, particularly the use of prohibited physical intervention and systemic failures in documentation and staffing.",y,8090,127,,6248
01bc5c4ed0bd8e948889c39ba7a21973fd30e130e7c0b4ab192947a2b251acfc,CI790363049,CLARENCE FISCHER CENTER,Special Investigation Report #2024SIC0001255,"Special Investigation Intake Date: March 19, 2024",1,Rule 400.4158,"Please analyze this Special Investigation Report and respond with a JSON object containing exactly two fields:

1. ""summary"": A few sentences explaining what went down here, including one extra sentence weighing in on culpability.
2. ""violation"": Either ""y"" if allegations of policy/code violations were substantiated in this report, or ""n"" if they were not substantiated.

Return ONLY the JSON object, no other text. Format:
{""summary"": ""..."", ""violation"": ""y""}","A staff member at a youth facility physically restrained a youth by picking him up and slamming him to the ground during an escalating incident, causing the youth to cry out in pain and require a hospital evaluation for potential rib injuries. The investigation substantiated that this forceful intervention violated rules prohibiting physical punishment, and it was noted as a repeat violation for the facility. The facility and the staff member bear responsibility, as the action was a clear and prohibited use of excessive force, despite the youth's prior assaultive behavior.",y,4824,114,,2496
01bec58fa482adf1a1f12a325ccf9b850e980fbe0ebd27da957eedb7f271b91a,CI820201513,WOLVERINE CENTER,Special Investigation Report #2024SIC0001737,"Special Investigation Intake Date: September 5, 2024",1,Rule 400.4158,"Please analyze this Special Investigation Report and respond with a JSON object containing exactly two fields:

1. ""summary"": A few sentences explaining what went down here, including one extra sentence weighing in on culpability.
2. ""violation"": Either ""y"" if allegations of policy/code violations were substantiated in this report, or ""n"" if they were not substantiated.

Return ONLY the JSON object, no other text. Format:
{""summary"": ""..."", ""violation"": ""y""}","A special investigation was conducted into allegations that Supervisor 1 at Wolverine Center physically assaulted youth, specifically Youth A and Youth B, and used blind spots on the floor to avoid detection. The investigation included interviews with staff, youth, and administrators, a review of video footage, and an examination of incident reports and personnel records. The findings concluded that Supervisor 1 was not present at the facility during the alleged incident times, no other witnesses corroborated the claims, and the youths' injuries were explained by other events (e.g., a bite from another youth). The investigator determined that no policy violations were established. Based on the report's conclusion, the facility is not held culpable for the alleged misconduct.",n,5716,152,,7022
01c84e428b5a3beb5f57e925151bbae96755eecedd39d9ecea59bf81abf09be1,CI820201487,Sisters of Good Shepherd,Special Investigation Report #2021C0207028,"October 15, 2021",2,R 400.158; R 400.4159,"Please analyze this Special Investigation Report and respond with a JSON object containing exactly two fields:

1. ""summary"": A few sentences explaining what went down here, including one extra sentence weighing in on culpability.
2. ""violation"": Either ""y"" if allegations of policy/code violations were substantiated in this report, or ""n"" if they were not substantiated.

Return ONLY the JSON object, no other text. Format:
{""summary"": ""..."", ""violation"": ""y""}","A confrontation occurred at the Vista Maria Open Residential facility between a youth and staff over a chore, leading to the youth throwing a chair and staff physically intervening. The investigation did not substantiate the specific allegations of a 'push' or verbally inappropriate comments, but it did find that the facility violated policy by having a single staff member hold the youth in a manner not approved by its Crisis Prevention Institute physical management model. The facility was found culpable for failing to follow its own restraint procedures.",y,4263,113,,10661
01f8dec51b4a8320bb011ee6ec1713866944aae49b2808e0eefb59a52fc915bf,CI250201313,Whaley Children's Center,Special Investigation Report #2023C0217003,"December 27, 2022",3,R 400.4109; R 400.4127; R 400.4112,"Please analyze this Special Investigation Report and respond with a JSON object containing exactly two fields:

1. ""summary"": A few sentences explaining what went down here, including one extra sentence weighing in on culpability.
2. ""violation"": Either ""y"" if allegations of policy/code violations were substantiated in this report, or ""n"" if they were not substantiated.

Return ONLY the JSON object, no other text. Format:
{""summary"": ""..."", ""violation"": ""y""}","The report details a special investigation into the Mott Children's Residence, a facility operated by Whaley Children's Center, where two youths (Youth A and Youth B) engaged in sexual intercourse in a youth's bedroom on at least two consecutive nights. The incident occurred because the youths circumvented bedtime supervision: one youth propped open a door and the other stuffed her bed with a decoy. Staff failed to visually verify the youths were in their own beds during required 15-minute variable-interval checks, and documentation showed these checks were not performed as required. The facility is culpable for systemic supervision failures, as this was a repeat violation for not ensuring proper nighttime monitoring.",y,4962,146,,2955
02043f9d3d70a196521621518704871cc3c19c42f20f2df8238d0cec84b01cdf,CI820201294,METHODIST CHILDREN'S HOME,Special Investigation Report #2025SIC0000522,"Special Investigation Intake Date: April 2, 2025",1,Rule 400.4126 Sufficiency of Staff,"Please analyze this Special Investigation Report and respond with a JSON object containing exactly two fields:

1. ""summary"": A few sentences explaining what went down here, including one extra sentence weighing in on culpability.
2. ""violation"": Either ""y"" if allegations of policy/code violations were substantiated in this report, or ""n"" if they were not substantiated.

Return ONLY the JSON object, no other text. Format:
{""summary"": ""..."", ""violation"": ""y""}","The special investigation was initiated based on allegations that a youth was sexually abused by a peer at the Methodist Children's Home several years prior. Investigators interviewed the youth and his therapist, but the youth declined to provide key details like the name of the alleged perpetrator or any staff witnesses. Current and past staff denied any awareness of such incidents, and a review of records from the youth's stay showed no incident reports where he was listed as a victim. Ultimately, the state concluded there was insufficient evidence to establish a rule violation. Given the youth's credible assertion of an assault and the lack of substantiation due to missing details and staff unawareness, determining clear culpability is challenging, though the facility's reported staffing ratios and room arrangements appear compliant.",n,1654,159,,6700
022d298e7e95f8f2aa063c8b20c65acedb98f96303771e8b52e97bab169a313a,CE821001676,Wayne County Juvenile Detention Center,Special Investigation Report #2025SIC0000088,"Special Investigation Intake Date: November 7, 2024",2,Rule 400.4126; Rule 400.4132,"Please analyze this Special Investigation Report and respond with a JSON object containing exactly two fields:

1. ""summary"": A few sentences explaining what went down here, including one extra sentence weighing in on culpability.
2. ""violation"": Either ""y"" if allegations of policy/code violations were substantiated in this report, or ""n"" if they were not substantiated.

Return ONLY the JSON object, no other text. Format:
{""summary"": ""..."", ""violation"": ""y""}","The report investigates allegations of sexual assault and harassment by a resident (Youth B) at the Wayne County Juvenile Detention Center. While a violation for insufficient staff was not established, the investigation found the facility violated policy by failing to properly resolve a grievance; it provided Youth A with a written resolution stating the matter was resolved simply because it was forwarded to an internal investigation unit, which was insufficient. The report substantiates that staff were aware of and responded to Youth B's behavioral issues but places ultimate responsibility on facility administration for its flawed grievance procedure.",y,3561,120,,3359
02337350f46dbc82ed172939f9684c9c698ec624ad4ea21f436459cb629c3c22,CI670414130,Osceola Youth Center,Special Investigation Report #2024SIC0001468,"Special Investigation Intake Date: May 28, 2024",1,Rule 400.4109,"Please analyze this Special Investigation Report and respond with a JSON object containing exactly two fields:

1. ""summary"": A few sentences explaining what went down here, including one extra sentence weighing in on culpability.
2. ""violation"": Either ""y"" if allegations of policy/code violations were substantiated in this report, or ""n"" if they were not substantiated.

Return ONLY the JSON object, no other text. Format:
{""summary"": ""..."", ""violation"": ""y""}","A youth at Osceola Youth Center engaged in multiple acts of self-harm and expressed suicidal ideation, which were reported to staff. The investigation concluded the facility followed its protocols by assessing the youth, placing her on 5-minute observation, providing medical care, and transporting her to the hospital when risk escalated. The report finds no substantiated violations, indicating staff responded appropriately and are not deemed culpable for the incidents.",n,4092,96,,5458
025766ab9f979488ee552a09798b60f6c40e37738a8537477d31007d9177a88c,CI820201513,Wolverine Center,Special Investigation Report #2025SIC0000584,"Special Investigation Intake Date: April 22, 2025",4,Rule 400.4126 Sufficiency of staff.; Rule 400.4158 Intervention standards and prohibitions.; Rule 400.4163 Health status assessment; notification;; R 400.4159,"Please analyze this Special Investigation Report and respond with a JSON object containing exactly two fields:

1. ""summary"": A few sentences explaining what went down here, including one extra sentence weighing in on culpability.
2. ""violation"": Either ""y"" if allegations of policy/code violations were substantiated in this report, or ""n"" if they were not substantiated.

Return ONLY the JSON object, no other text. Format:
{""summary"": ""..."", ""violation"": ""y""}","A youth-on-youth assault occurred at the facility where three youths attacked another, who defended himself with a broomstick. Staff intervened and separated the youths, but the investigation found that two staff members used improper physical interventions—one shoved a youth, and another applied an improper restraint—and the facility failed to report the restraint as required. The facility is culpable for these specific violations of intervention and reporting rules, as evidenced by video footage and documentation, despite staff generally responding quickly to the altercation.",y,5136,111,,5336
0265d63a41522919d872b215741f9611caed4b8221f65e3b5b6f6bcfc1e315ee,CI670290163,EAGLE VILLAGE GERBER-PUTNAM,Special Investigation Report #2024C0001019SI,"January 18, 2024",1,Rule 400.4109 Program Statement,"Please analyze this Special Investigation Report and respond with a JSON object containing exactly two fields:

1. ""summary"": A few sentences explaining what went down here, including one extra sentence weighing in on culpability.
2. ""violation"": Either ""y"" if allegations of policy/code violations were substantiated in this report, or ""n"" if they were not substantiated.

Return ONLY the JSON object, no other text. Format:
{""summary"": ""..."", ""violation"": ""y""}","A youth started a fire in an empty bedroom at the Gerber-Putnam facility using a lighter he brought back from a home visit, while other youth and staff were present watching a movie. The investigation found staff were appropriately supervising, followed emergency procedures, and had conducted a proper search upon the youth's return, with no injuries resulting. The investigation concluded the facility was in compliance with all rules, placing full culpability on the youth who started the fire and not on staff or facility procedures.",n,3476,110,,5090
0268929038bead62553d140db5d9f7e59a47937c9d402d048fab33b5d28854d8,CI820293953,LINCOLN CENTER,Special Investigation Report #2025SIC0000259,"Special Investigation Intake Date: January 3, 2025",3,Rule 400.4158; Rule 400.4160; Rule 400.4159,"Please analyze this Special Investigation Report and respond with a JSON object containing exactly two fields:

1. ""summary"": A few sentences explaining what went down here, including one extra sentence weighing in on culpability.
2. ""violation"": Either ""y"" if allegations of policy/code violations were substantiated in this report, or ""n"" if they were not substantiated.

Return ONLY the JSON object, no other text. Format:
{""summary"": ""..."", ""violation"": ""y""}","An incident at Lincoln Center involved Staff 2 physically intervening with Youth A during a de-escalation attempt, which included pushing, dragging, and ultimately throwing the youth to the ground, resulting in injury. The investigation found multiple rule violations, including prohibited physical intervention, failure to use approved restraint techniques, and failure to exhaust non-physical interventions, with the facility having a history of similar compliance issues. The evidence substantiates that staff, particularly Staff 2, bear responsibility for the improper and unsafe physical management of the youth.",y,8007,117,,5762
02a24955477e62d08166855a9d1ada31b8879362cf9567f0e7ba8a6d335441e2,CS210200969,BAY PINES CENTER,Special Investigation Report #2023C0000562,"July 28, 2023",1,"Rule 400.4112 Criminal history check, subject to","Please analyze this Special Investigation Report and respond with a JSON object containing exactly two fields:

1. ""summary"": A few sentences explaining what went down here, including one extra sentence weighing in on culpability.
2. ""violation"": Either ""y"" if allegations of policy/code violations were substantiated in this report, or ""n"" if they were not substantiated.

Return ONLY the JSON object, no other text. Format:
{""summary"": ""..."", ""violation"": ""y""}","A special investigation found that a youth care facility was not in compliance with staff qualification rules. The investigation was initiated based on an allegation that a staff member (Staff 1) would inappropriately touch a youth's buttocks to provide her with unearned privilege points, though the report states there is limited evidence to substantiate that specific allegation. However, the investigation substantiated that Staff 1 lacked the ability to perform his duties, with multiple accounts of him sleeping on duty, making inappropriate statements encouraging self-harm, and failing to provide proper supervision. Culpability lies primarily with the individual staff member for his unprofessional conduct, and with the facility for a repeat violation regarding staff qualifications.",y,2950,151,,2031
02c6a5e4ae3b75814ec5cccbc492a69cd022ff8698768f8b7c54d6292282b831,CI820201008,CALUMET CENTER,Special Investigation Report #2024SIC0001635,"Special Investigation Intake Date: July 31, 2024",1,Rule 400.4407,"Please analyze this Special Investigation Report and respond with a JSON object containing exactly two fields:

1. ""summary"": A few sentences explaining what went down here, including one extra sentence weighing in on culpability.
2. ""violation"": Either ""y"" if allegations of policy/code violations were substantiated in this report, or ""n"" if they were not substantiated.

Return ONLY the JSON object, no other text. Format:
{""summary"": ""..."", ""violation"": ""y""}","The investigation was initiated based on an anonymous complaint alleging that a specific youth (Youth A) could pop the lock on his bedroom door, posing a safety risk. Investigators conducted interviews and reviewed documents, finding no evidence to substantiate the lock-popping claim, though they confirmed Youth A had recent aggressive incidents resulting in property damage. The facility's locksmith inspection and youth supervision policies were found to be adequate. Ultimately, the report concludes that no policy violations were established, indicating the facility's staff and procedures were not at fault for the alleged security failure.",n,2215,122,,5826
02d6ca5dcec90c742d07d4d770077c35e11fdac9ae139c5d56c7e20ec9e17ece,CB410201260,WELLSPRING LUTHERAN SERVICES,Special Investigation Report,"February 2, 2024",1,Rule 400.12204 Facilities,"Please analyze this Special Investigation Report and respond with a JSON object containing exactly two fields:

1. ""summary"": A few sentences explaining what went down here, including one extra sentence weighing in on culpability.
2. ""violation"": Either ""y"" if allegations of policy/code violations were substantiated in this report, or ""n"" if they were not substantiated.

Return ONLY the JSON object, no other text. Format:
{""summary"": ""..."", ""violation"": ""y""}","Wellspring Lutheran Services Kentwood opened a satellite office in Norton Shores without obtaining prior written approval from the Department of Child Welfare Licensing (DCWL), which is a violation of state licensing rules. The agency stated there was internal confusion about what constitutes a satellite office and claimed they intended to notify DCWL once the setup was completed, but the investigation concluded the violation was established. The agency bears full responsibility for this oversight, as compliance with clear notification requirements rests with the licensee.",y,1242,107,,1790
02fcbcbf2112d5596f5966669b159171b9479c5a9a678835eca0c073bb8b87eb,CB500316267,Family & Community Services Inc,Special Investigation Report #2022C0444012,"June 7, 2022",0,nan,"Please analyze this Special Investigation Report and respond with a JSON object containing exactly two fields:

1. ""summary"": A few sentences explaining what went down here, including one extra sentence weighing in on culpability.
2. ""violation"": Either ""y"" if allegations of policy/code violations were substantiated in this report, or ""n"" if they were not substantiated.

Return ONLY the JSON object, no other text. Format:
{""summary"": ""..."", ""violation"": ""y""}","The investigation substantiated that the foster care agency, Family and Community Services-Macomb, failed to inform a biological parent of her child's medical appointments, including an urgent care visit and a scheduled dental appointment. This was due to the agency's failure to update the parent's contact information in the state system (MiSACWIS) and inadequate procedures to ensure timely notification by foster parents. The agency bears direct responsibility for these communication failures, which violated rules requiring parental involvement in healthcare decisions.",y,3076,111,,4458
030a5e161e487ad277a5a84af86183d148ed43747126ef2636b76f795f211eff,CI410268882,D.A.R.T.,Special Investigation Report #2024SIC0001685,"Special Investigation Intake Date: August 15, 2024",1,Rule 400.4158,"Please analyze this Special Investigation Report and respond with a JSON object containing exactly two fields:

1. ""summary"": A few sentences explaining what went down here, including one extra sentence weighing in on culpability.
2. ""violation"": Either ""y"" if allegations of policy/code violations were substantiated in this report, or ""n"" if they were not substantiated.

Return ONLY the JSON object, no other text. Format:
{""summary"": ""..."", ""violation"": ""y""}","A special investigation was conducted following an allegation that Staff 1 told Youth A to 'get the fuck away from me'. Multiple interviews with staff, administrators, and youth, including the complainant and Youth A, resulted in inconsistent accounts, with Youth A and others ultimately denying or being unable to confirm that Staff 1 used profanity. The investigation concluded that a violation was not established, and no substantial violations were found. Based on the report's findings, the facility was found in compliance, and culpability for the specific alleged verbal abuse was not substantiated.",n,2588,122,,6189
03dcc08551d95123efcb7130e84dcca3baf4cffdd2bace0000306b56e232f170,CB730200994,Holy Cross Children's Services -Mid-Michigan,Special Investigation Report #2025SIC0000518,"Special Investigation Intake Date: April 1, 2025",1,Rule 400.12504 Eligibility Requirements,"Please analyze this Special Investigation Report and respond with a JSON object containing exactly two fields:

1. ""summary"": A few sentences explaining what went down here, including one extra sentence weighing in on culpability.
2. ""violation"": Either ""y"" if allegations of policy/code violations were substantiated in this report, or ""n"" if they were not substantiated.

Return ONLY the JSON object, no other text. Format:
{""summary"": ""..."", ""violation"": ""y""}","An investigation was conducted into allegations of a broken refrigerator and pest issues at Holy Cross Children's Services - Mid-Michigan. The investigation found the freezer had been repaired, monthly pest control services were in place, and interviews with youth and staff, along with documentation, indicated the home was clean, safe, and appropriate. The report concludes the agency is in compliance, finding no violation established, and therefore holds the facility not culpable for the alleged conditions.",n,1514,102,,5644
03f359b645bf456c4c91482bc62b1681ae547d49880600a84aebfa54feff384c,CB410201088,DA BLODGETT FOR CHILDREN,Special Investigation Report #2025SIC0000133,"Special Investigation Intake Date: November 21, 2024",1,Rule 400.12206,"Please analyze this Special Investigation Report and respond with a JSON object containing exactly two fields:

1. ""summary"": A few sentences explaining what went down here, including one extra sentence weighing in on culpability.
2. ""violation"": Either ""y"" if allegations of policy/code violations were substantiated in this report, or ""n"" if they were not substantiated.

Return ONLY the JSON object, no other text. Format:
{""summary"": ""..."", ""violation"": ""y""}","A special investigation was conducted into allegations that a staff member (Staff 2) took a youth to their personal residence for drinking, drug use, and to enable shoplifting. The investigation, which included interviews with the complainant, agency staff, and another youth, found the allegations to be unfounded, as Staff 2 denied them, no corroborating evidence was found, and the accusing youth (Youth A) refused to be interviewed and later claimed to have been drunk when making the report. The agency was found in compliance with licensing rules, placing the ultimate weight of culpability on the unsubstantiated and unreliable nature of the initial allegation.",n,1989,139,,7112
03f84c22513c494f2a1ee498ff4e7b33756985587fffeb892d2c49b42b1dcf6f,CI670290156,EAGLE VILLAGE ASHMUN-SHERK,Special Investigation Report #2025SIC0000296,"Special Investigation Intake Date: January 16, 2025",2,Rule 400.4158 Intervention standards and prohibitions.; Rule 400.4158 Intervention standards and prohibitions.,"Please analyze this Special Investigation Report and respond with a JSON object containing exactly two fields:

1. ""summary"": A few sentences explaining what went down here, including one extra sentence weighing in on culpability.
2. ""violation"": Either ""y"" if allegations of policy/code violations were substantiated in this report, or ""n"" if they were not substantiated.

Return ONLY the JSON object, no other text. Format:
{""summary"": ""..."", ""violation"": ""y""}","A special investigation was conducted into allegations that staff at Eagle Village Ashmun-Sherk dragged a youth by the ankle and wrist, pushed a youth out a door, and used derogatory racial slurs and insults against youth. The investigation, which included interviews with youth and staff and a review of video footage, found no corroborating evidence for any of the allegations, resulting in a determination that no violations were established. Based on the available evidence, the report concludes that facility staff are not culpable for the alleged misconduct.",n,3662,115,,5413
0453d1af31428435e3c7626952a4fa5ae530136d03d91680cbc9457a8c024698,CI410201464,THE BRIDGE FOR RUNAWAYS,Special Investigation Report #2025SIC0000925,Special Investigation Intake Date: 08/11/2025,2,Rule 400.4127; Rule 400.4127,"Please analyze this Special Investigation Report and respond with a JSON object containing exactly two fields:

1. ""summary"": A few sentences explaining what went down here, including one extra sentence weighing in on culpability.
2. ""violation"": Either ""y"" if allegations of policy/code violations were substantiated in this report, or ""n"" if they were not substantiated.

Return ONLY the JSON object, no other text. Format:
{""summary"": ""..."", ""violation"": ""y""}","A youth was sexually assaulted by another youth at The Bridge for Runaways facility on the morning of August 7, 2025, after Staff 1 dismissed overnight staff early, leaving a single staffer out of ratio and failing to perform required 15-minute variable interval room checks, which allowed the assault to occur undetected. The investigation substantiated violations of staff-to-resident ratio rules and supervision procedures requiring regular checks, and while legal action proceeds against the perpetrator, the facility and its staff bear significant responsibility for the supervisory failures that created the conditions for the incident.",y,3821,126,,6901
045ed578fce5f1ed7cb6af6aefec9a4e6ae6caded897380f6d0fb39b9bd8aa4b,CI520283194,CEDAR CREEK TEACHING FAMILY HOME,Special Investigation Report #2024C0001084SI,"February 6, 2024",1,Rule 400.4109 Program Statement.,"Please analyze this Special Investigation Report and respond with a JSON object containing exactly two fields:

1. ""summary"": A few sentences explaining what went down here, including one extra sentence weighing in on culpability.
2. ""violation"": Either ""y"" if allegations of policy/code violations were substantiated in this report, or ""n"" if they were not substantiated.

Return ONLY the JSON object, no other text. Format:
{""summary"": ""..."", ""violation"": ""y""}","A state investigation found that Cedar Creek Teaching Family Home failed to follow its own supervision policies, leading to a serious incident. On December 26, 2023, a single staff member (Staff 1) left two youths (Youth A and Youth B) unsupervised for approximately eight minutes to use the bathroom, during which time the youths engaged in sexual contact. Furthermore, Youth A, a youth with documented high-risk behaviors requiring extra supervision, was also left alone with a laptop computer. The facility and its staff bear clear responsibility for this failure to provide adequate line-of-sight supervision as required by policy and individual safety plans.",y,6764,145,,4178
048e46b82e5249f2e60e45e7d1dc62454988cf1963ae6644af50169a705540c6,CB280200990,Holy Cross Services - Northern Michigan CB,Special Investigation Report #2025SIC0000950,Special Investigation Intake Date: 08/19/2025,4,"Rule 400.12205 Required staff; Rule 400.12202 Policy and procedures; R
400.12203; R 400.12214","Please analyze this Special Investigation Report and respond with a JSON object containing exactly two fields:

1. ""summary"": A few sentences explaining what went down here, including one extra sentence weighing in on culpability.
2. ""violation"": Either ""y"" if allegations of policy/code violations were substantiated in this report, or ""n"" if they were not substantiated.

Return ONLY the JSON object, no other text. Format:
{""summary"": ""..."", ""violation"": ""y""}","A Holy Cross Services facility experienced a staffing crisis when three staff abruptly quit, leaving one fully trained case manager with 22 cases, exceeding the 15-case limit, and failing to properly manage caseloads. Additionally, a former employee violated confidentiality by sharing information about foster homes with a competitor agency. The investigation found the agency was noncompliant on both counts, with clear culpability for failing to adequately plan for known staff departures and for the employee's policy breach.",y,3173,107,,4760
04a61e2fc068f4731192c674a370c1feda4feb43f0fa8267f496a1329e190536,CB810201161,Hands Across the Water,Special Investigation Report,"February 2, 2024",2,"Rule 400.12206 Staff qualifications; volunteer,; Rule 400.12418 (5) Development of service plans.","Please analyze this Special Investigation Report and respond with a JSON object containing exactly two fields:

1. ""summary"": A few sentences explaining what went down here, including one extra sentence weighing in on culpability.
2. ""violation"": Either ""y"" if allegations of policy/code violations were substantiated in this report, or ""n"" if they were not substantiated.

Return ONLY the JSON object, no other text. Format:
{""summary"": ""..."", ""violation"": ""y""}","An investigation was conducted into allegations against Hands Across the Water, regarding a foster care worker leaving children unsupervised in a cold vehicle and the agency refusing to involve parents in treatment plans. The investigation found no evidence to support the claims, with interviews and documentation from the worker, caregiver, and youth all contradicting the first allegation, and records showing the mother was offered but refused to participate in the treatment plan. Therefore, no party at the agency was found culpable for the alleged incidents.",n,2680,107,,5652
05313e24de5c597bb90fd604321456ef5fd36cf815e9b18d55ba09cc244535ad,CB250296641,SAMARITAS - BAY,Special Investigation Report,"April 6, 2023",2,Rule 400.12206.; Rule 400.12503.,"Please analyze this Special Investigation Report and respond with a JSON object containing exactly two fields:

1. ""summary"": A few sentences explaining what went down here, including one extra sentence weighing in on culpability.
2. ""violation"": Either ""y"" if allegations of policy/code violations were substantiated in this report, or ""n"" if they were not substantiated.

Return ONLY the JSON object, no other text. Format:
{""summary"": ""..."", ""violation"": ""y""}","A staff member at a Samaritas independent living home assisted a youth in running away by driving her to a bus station, helped youths avoid security cameras, and repeatedly purchased cigarettes, vape pens, alcohol, and marijuana for underage residents. The agency's supervision failures, including not verifying youth locations and ignoring prior warnings, contributed to the incident. The staff member was terminated, and the facility was found culpable for systemic supervision lapses and repeat violations.",y,11337,103,,2746
0548e0ed2193286be90b4c616d727b3ec295a14d4cd867d0352e00d782f187a8,CI630412886,GLEN GROVE,Special Investigation Report #2024SIC0001494,"Special Investigation Intake Date: June 7, 2024",2,Rule 400.4149; Rule 400.4148,"Please analyze this Special Investigation Report and respond with a JSON object containing exactly two fields:

1. ""summary"": A few sentences explaining what went down here, including one extra sentence weighing in on culpability.
2. ""violation"": Either ""y"" if allegations of policy/code violations were substantiated in this report, or ""n"" if they were not substantiated.

Return ONLY the JSON object, no other text. Format:
{""summary"": ""..."", ""violation"": ""y""}","A special investigation into a care facility for a non-verbal youth with cerebral palsy found insufficient evidence to substantiate the primary allegation of medical neglect regarding feeding and malnutrition. However, the investigation did substantiate a violation for failing to provide appropriate personal hygiene, as a staff member admitted to transporting the youth to school without checking or changing his diaper as required by his care plan. Overall, the facility is culpable for failing to follow the prescribed personal care protocol.",y,2733,102,,3324
055f59c6b2c04de7f7a5ebaa465ffc29cfc3e09f05cc9ae5b1c348ef478dc40d,CI820293953,LINCOLN CENTER,Special Investigation Report #2025SIC0000059,"Special Investigation Intake Date: October 28, 2024",1,Rule 400.4126,"Please analyze this Special Investigation Report and respond with a JSON object containing exactly two fields:

1. ""summary"": A few sentences explaining what went down here, including one extra sentence weighing in on culpability.
2. ""violation"": Either ""y"" if allegations of policy/code violations were substantiated in this report, or ""n"" if they were not substantiated.

Return ONLY the JSON object, no other text. Format:
{""summary"": ""..."", ""violation"": ""y""}","An investigation was initiated after an allegation that on October 22, 2024, a youth (Youth A) was sexually assaulted by two other youths in his room, with staff allegedly failing to provide proper supervision. The investigation included interviews with staff, youths, and a therapist, and a review of documents. Investigators found conflicting accounts; the therapist and Youth A reported an incident involving kicking and attempts to pull down shorts, while the accused youths and staff characterized it as horseplay that was quickly stopped. The state's analysis concluded there was insufficient evidence that a sexual assault occurred or that staff failed to supervise, as staff intervened within seconds. The investigation did not substantiate the alleged violations of staffing and supervision rules.",n,2432,154,,8166
056885a5f036de3772c5a66daba38ead7d8af5e4d8d6c784d1dbebd82c2cb08c,CB630369213,CHILD SAFE MICHIGAN JUDSON CS,Special Investigation Report #2025SIC0000078,"Special Investigation Intake Date: November 4, 2024",6,Rule 400.12421.; Rule 400.12214; Rule 400.12207.; R 400.12419; R 400.12420; MCL 722.621,"Please analyze this Special Investigation Report and respond with a JSON object containing exactly two fields:

1. ""summary"": A few sentences explaining what went down here, including one extra sentence weighing in on culpability.
2. ""violation"": Either ""y"" if allegations of policy/code violations were substantiated in this report, or ""n"" if they were not substantiated.

Return ONLY the JSON object, no other text. Format:
{""summary"": ""..."", ""violation"": ""y""}","The report investigates three allegations against a child welfare agency regarding visitation, failure to report maltreatment, and staff responsibilities. The investigation found that visitation plans were established, a reported injury was medically assessed as a diaper rash, and the agency was actively working on relative placement and required assessments. The investigation concluded that no violations were established, effectively clearing the agency of wrongdoing.",n,6844,83,,5551
0598508ca51ec76947c612419a9c5dd4014ba91d54f315652480f6c60e3ec862,CM500338959,SAFEHAUS TOO,Special Investigation Report #2024C0001075SI,"January 26, 2024",1,Rule 400.4142 Health services; policies and procedures.,"Please analyze this Special Investigation Report and respond with a JSON object containing exactly two fields:

1. ""summary"": A few sentences explaining what went down here, including one extra sentence weighing in on culpability.
2. ""violation"": Either ""y"" if allegations of policy/code violations were substantiated in this report, or ""n"" if they were not substantiated.

Return ONLY the JSON object, no other text. Format:
{""summary"": ""..."", ""violation"": ""y""}","A youth discharged from Safehaus Too expressed suicidal intent to a crisis screener when his mother left him at the facility, and was later psychiatrically hospitalized. The investigation found facility documentation showed the youth was not suicidal the day prior to discharge, and upon the youth's crisis, staff directed the legal guardian to take him to the ER. The report concludes the facility followed its policies and the violation was not established, placing primary responsibility for the post-discharge crisis on the youth's guardians.",n,1989,111,,5371
05a298bbfe4158f3c91cdc065e2fb6bf0104ade263b0f80e17fd528f06421044,CI820201008,CALUMET CENTER,Special Investigation Report #2024SIC0001776,"Special Investigation Intake Date: September 18, 2024",1,Rule 400.4158,"Please analyze this Special Investigation Report and respond with a JSON object containing exactly two fields:

1. ""summary"": A few sentences explaining what went down here, including one extra sentence weighing in on culpability.
2. ""violation"": Either ""y"" if allegations of policy/code violations were substantiated in this report, or ""n"" if they were not substantiated.

Return ONLY the JSON object, no other text. Format:
{""summary"": ""..."", ""violation"": ""y""}","A staff member (Staff 1) at the Calumet Center juvenile facility hit a youth (Youth A) on the back of the head during a physical confrontation on September 15, 2024. The incident occurred after Youth A, who was agitated, swung at and struck Staff 1 in the face. The investigation, which included interviews and video review, substantiated that Staff 1 struck the youth, which is a prohibited physical intervention. While the youth instigated the conflict, primary culpability lies with Staff 1, who admitted to overreacting and failing to de-escalate the situation despite recent training.",y,2825,139,,5679
05a510399afff34ae4d909311e39e8313ab1fcdc60dd7f273b785f1ff7560687,CI670414130,Osceola Youth Center,Special Investigation Report #2025SIC0000763,"Special Investigation Intake Date: June 4, 2025",1,Rule 400.4109,"Please analyze this Special Investigation Report and respond with a JSON object containing exactly two fields:

1. ""summary"": A few sentences explaining what went down here, including one extra sentence weighing in on culpability.
2. ""violation"": Either ""y"" if allegations of policy/code violations were substantiated in this report, or ""n"" if they were not substantiated.

Return ONLY the JSON object, no other text. Format:
{""summary"": ""..."", ""violation"": ""y""}","The report investigates an allegation that a youth tested positive for marijuana at a new placement after being discharged from Osceola Youth Center. The investigation, including interviews with the youth, other residents, staff, and administrators, found no evidence that the youth obtained or used marijuana while at the facility, attributing the positive test to the youth's admitted heavy daily use prior to admission. The investigating agency concluded that no policy violation occurred at the facility, effectively clearing it of culpability for the incident.",n,1568,109,,4997
0606466adcad96b39e6e4e1f8d53bd0226f0c896cfdbf0dcd424f4171ac5f878,CP690201347,Otsego/Crawford/Oscoda DHHS,Special Investigation Report,"December 7, 2023",1,Rule 400.12417 Foster parent information,"Please analyze this Special Investigation Report and respond with a JSON object containing exactly two fields:

1. ""summary"": A few sentences explaining what went down here, including one extra sentence weighing in on culpability.
2. ""violation"": Either ""y"" if allegations of policy/code violations were substantiated in this report, or ""n"" if they were not substantiated.

Return ONLY the JSON object, no other text. Format:
{""summary"": ""..."", ""violation"": ""y""}","The investigation examined allegations that foster parents were not adequately informed about a youth's history and diagnoses prior to placement. The agency provided documentation showing multiple meetings, emails, and visits where the youth's behavioral history, diagnoses, and needs were discussed with the foster parents over a two-month transition period. The foster parents' concerns, particularly about undisclosed prenatal substance exposure, were reviewed, but the agency maintained that a suspected Fetal Alcohol Syndrome diagnosis had been ruled out and was therefore not shared. The investigation concluded the agency provided all relevant information and complied with rules. The agency bears primary responsibility for the breakdown in communication that led to the foster parents' feeling misled and unprepared.",n,5683,146,,2810
0625703ed81e420185a78baa710ddf9d0d36aa6dce8deb269cb92270d0c2397e,CP470201250,LIVINGSTON COUNTY DHHS,Special Investigation Report #2025SIC0000684,"Special Investigation Intake Date: May 12, 2025",3,Rule 400.12206; Rule 400.12413; Rule 400.12418,"Please analyze this Special Investigation Report and respond with a JSON object containing exactly two fields:

1. ""summary"": A few sentences explaining what went down here, including one extra sentence weighing in on culpability.
2. ""violation"": Either ""y"" if allegations of policy/code violations were substantiated in this report, or ""n"" if they were not substantiated.

Return ONLY the JSON object, no other text. Format:
{""summary"": ""..."", ""violation"": ""y""}","A foster parent alleged that Livingston County DHHS falsified court reports, failed to provide necessary medical care, and excluded her from service plan development. The investigation found that DHHS did not have case management responsibility until late in the process; a private agency handled the case. DHHS followed policy by appealing a referee's medication order due to lack of parental consent, and the foster parent was involved in planning by the private agency. No violations were substantiated. Ultimately, the investigation cleared DHHS of wrongdoing, attributing the issues to procedural delays and the actions of the private agency and the foster parent.",n,7144,131,,6716
063bb0491a1951c5d023cd381728f0942fcfc971c120529c4f6f29fd86dcb805,CB390201118,Family & Children Services,Special Investigation Report #2022C0112006,"April 12, 2022",0,nan,"Please analyze this Special Investigation Report and respond with a JSON object containing exactly two fields:

1. ""summary"": A few sentences explaining what went down here, including one extra sentence weighing in on culpability.
2. ""violation"": Either ""y"" if allegations of policy/code violations were substantiated in this report, or ""n"" if they were not substantiated.

Return ONLY the JSON object, no other text. Format:
{""summary"": ""..."", ""violation"": ""y""}","A child-placing agency was investigated for multiple allegations made by a parent (Parent A). The investigation did not substantiate most claims, including refusal of requested services, preventing a caregiver from attending court, and failing to provide reasons for moving children from a relative's home. However, it was substantiated that the agency failed to provide or ensure makeup visits when visits were cancelled by the agency or foster family, and its internal policy regarding makeup visits violated state requirements. The agency's management and staff share responsibility for this policy and procedural failure.",y,6020,119,,3802
